file_name,relative_path,suffix,size_kb,modified_at
.env,.env,,0.21,2026-05-22 17:06:06
.gitignore,.gitignore,,0.81,2026-05-23 03:40:45
quant_trading.db,data\quant_trading.db,.db,100.0,2026-05-18 14:18:49
.env.example,.env.example,.example,0.44,2026-05-18 18:55:41
quant_trading_lesson_1.ipynb,notebooks\quant_trading_lesson_1.ipynb,.ipynb,1806.58,2026-05-12 17:23:20
emergency_stop.json,safety\emergency_stop.json,.json,0.16,2026-05-19 17:23:22
README.md,README.md,.md,3.77,2026-05-18 18:30:25
broker_connection_plan.md,broker_connection_plan.md,.md,3.7,2026-05-14 14:44:29
deployment_checklist.md,deployment_checklist.md,.md,5.02,2026-05-14 18:59:41
ibkr_integration_plan.md,ibkr_integration_plan.md,.md,5.23,2026-05-18 18:29:19
ibkr_setup_checklist.md,ibkr_setup_checklist.md,.md,18.69,2026-05-27 02:51:51
post_deployment_test_checklist.md,post_deployment_test_checklist.md,.md,2.3,2026-05-16 17:32:09
secure_broker_architecture.md,secure_broker_architecture.md,.md,4.96,2026-05-23 03:20:44
streamlit_cloud_deployment.md,streamlit_cloud_deployment.md,.md,1.22,2026-05-16 16:41:21
app.py,app.py,.py,182.29,2026-05-27 02:49:48
app_backup_fix_broker_disconnect_indent_20260524_032612.py,app_backup_fix_broker_disconnect_indent_20260524_032612.py,.py,150.69,2026-05-24 03:26:12
app_backup_fix_broker_submission_block_20260524_031436.py,app_backup_fix_broker_submission_block_20260524_031436.py,.py,150.51,2026-05-24 03:14:36
app_backup_fix_broker_submission_block_20260524_031437.py,app_backup_fix_broker_submission_block_20260524_031437.py,.py,150.58,2026-05-24 03:14:37
app_backup_fix_broker_ticket_syntax_20260524_030757.py,app_backup_fix_broker_ticket_syntax_20260524_030757.py,.py,150.51,2026-05-24 03:07:57
app_backup_fix_except_finally_indent_20260524_032828.py,app_backup_fix_except_finally_indent_20260524_032828.py,.py,150.7,2026-05-24 03:28:28
app_backup_fix_nested_state_tracking_try_20260524_032022.py,app_backup_fix_nested_state_tracking_try_20260524_032022.py,.py,150.58,2026-05-24 03:20:22
app_backup_portfolio_metric_20260522_183110.py,app_backup_portfolio_metric_20260522_183110.py,.py,131.02,2026-05-22 18:31:10
app_backup_position_snapshot_connection_20260524_212643.py,app_backup_position_snapshot_connection_20260524_212643.py,.py,157.68,2026-05-24 21:26:43
app_backup_rebuild_broker_submit_block_20260524_033051.py,app_backup_rebuild_broker_submit_block_20260524_033051.py,.py,150.7,2026-05-24 03:30:51
app_backup_rebuild_broker_submit_block_20260524_033052.py,app_backup_rebuild_broker_submit_block_20260524_033052.py,.py,150.1,2026-05-24 03:30:52
app_backup_sqlite_import_fix_20260523_035445.py,app_backup_sqlite_import_fix_20260523_035445.py,.py,141.06,2026-05-23 03:54:45
app_backup_wide_broker_submit_indent_fix_20260524_031759.py,app_backup_wide_broker_submit_indent_fix_20260524_031759.py,.py,150.58,2026-05-24 03:17:59
broker_account_snapshot.py,broker_account_snapshot.py,.py,8.85,2026-05-24 20:54:55
broker_environment.py,broker_environment.py,.py,6.14,2026-05-22 17:23:57
__init__.py,brokers\__init__.py,.py,0.21,2026-05-19 15:17:23
alpaca_broker.py,brokers\alpaca_broker.py,.py,1.18,2026-05-18 16:11:42
base_broker.py,brokers\base_broker.py,.py,1.37,2026-05-14 16:27:45
broker_factory.py,brokers\broker_factory.py,.py,2.97,2026-05-19 17:56:05
ibkr_broker.py,brokers\ibkr_broker.py,.py,13.98,2026-05-19 17:55:37
ibkr_contracts.py,brokers\ibkr_contracts.py,.py,3.1,2026-05-19 13:10:43
ibkr_orders.py,brokers\ibkr_orders.py,.py,4.36,2026-05-19 13:35:21
paper_broker.py,brokers\paper_broker.py,.py,11.5,2026-05-22 18:26:02
paper_broker_backup_20260522_175704.py,brokers\paper_broker_backup_20260522_175704.py,.py,7.5,2026-05-22 17:57:05
paper_broker_backup_20260522_180106.py,brokers\paper_broker_backup_20260522_180106.py,.py,7.5,2026-05-22 18:01:06
paper_broker_backup_initial_cash_20260522_182602.py,brokers\paper_broker_backup_initial_cash_20260522_182602.py,.py,10.75,2026-05-22 18:26:02
config.py,config.py,.py,5.26,2026-05-22 17:09:05
database.py,database.py,.py,15.54,2026-05-18 03:20:08
deployment_health.py,deployment_health.py,.py,7.33,2026-05-23 02:06:43
duplicate_order_guard.py,duplicate_order_guard.py,.py,5.76,2026-05-24 02:55:36
environment_reset.py,environment_reset.py,.py,5.1,2026-05-22 17:42:09
error_notifier.py,error_notifier.py,.py,6.83,2026-05-26 03:50:12
fill_slippage_tracker.py,fill_slippage_tracker.py,.py,11.02,2026-05-25 15:34:30
generate_charts.py,generate_charts.py,.py,5.78,2026-05-18 15:18:13
live_mode_lock.py,live_mode_lock.py,.py,4.48,2026-05-21 17:13:03
live_order_dry_run.py,live_order_dry_run.py,.py,6.81,2026-05-22 16:48:29
live_readiness.py,live_readiness.py,.py,6.99,2026-05-21 15:52:08
live_signal.py,live_signal.py,.py,10.6,2026-05-24 19:28:54
live_signal_backup_fix_try_indent_20260524_192652.py,live_signal_backup_fix_try_indent_20260524_192652.py,.py,7.49,2026-05-24 19:26:52
live_signal_backup_rebuild_generate_live_signal_20260524_192853.py,live_signal_backup_rebuild_generate_live_signal_20260524_192853.py,.py,7.49,2026-05-24 19:28:53
live_signal_backup_rebuild_generate_live_signal_20260524_192854.py,live_signal_backup_rebuild_generate_live_signal_20260524_192854.py,.py,10.6,2026-05-24 19:28:54
live_signal_backup_safe_no_data_20260524_192148.py,live_signal_backup_safe_no_data_20260524_192148.py,.py,7.48,2026-05-24 19:21:48
live_warning.py,live_warning.py,.py,3.41,2026-05-21 17:09:14
market_hours.py,market_hours.py,.py,7.36,2026-05-24 22:02:18
order_manager.py,order_manager.py,.py,5.82,2026-05-14 17:24:45
order_proposal.py,order_proposal.py,.py,8.4,2026-05-20 02:03:39
order_state_manager.py,order_state_manager.py,.py,12.61,2026-05-24 02:37:27
paper_test_tracker.py,paper_test_tracker.py,.py,16.86,2026-05-21 15:08:57
paper_trading.py,paper_trading.py,.py,6.58,2026-05-18 02:38:59
position_aware_execution.py,position_aware_execution.py,.py,9.88,2026-05-24 21:22:57
position_aware_execution_backup_snapshot_20260524_212257.py,position_aware_execution_backup_snapshot_20260524_212257.py,.py,7.3,2026-05-24 21:22:57
price_validation.py,price_validation.py,.py,9.55,2026-05-25 13:21:33
report_generator.py,report_generator.py,.py,3.45,2026-05-18 03:49:27
risk_manager.py,risk_manager.py,.py,15.97,2026-05-19 17:07:36
run_batch_tests.py,run_batch_tests.py,.py,5.67,2026-05-18 15:18:12
run_research_pipeline.py,run_research_pipeline.py,.py,4.5,2026-05-18 15:18:08
config_snapshot.py,runs\2026-05-13_011747\config_snapshot.py,.py,0.73,2026-05-12 21:23:31
config_snapshot.py,runs\2026-05-13_013214\config_snapshot.py,.py,0.73,2026-05-12 21:23:31
config_snapshot.py,runs\2026-05-14_024318\config_snapshot.py,.py,1.08,2026-05-14 02:39:27
config_snapshot.py,runs\2026-05-14_030732\config_snapshot.py,.py,1.08,2026-05-14 02:39:27
config_snapshot.py,runs\2026-05-14_032415\config_snapshot.py,.py,1.08,2026-05-14 02:39:27
config_snapshot.py,runs\2026-05-14_034357\config_snapshot.py,.py,1.08,2026-05-14 02:39:27
config_snapshot.py,runs\2026-05-14_173115\config_snapshot.py,.py,1.94,2026-05-14 14:53:21
config_snapshot.py,runs\2026-05-18_141144\config_snapshot.py,.py,2.91,2026-05-18 13:54:52
config_snapshot.py,runs\2026-05-18_141824\config_snapshot.py,.py,2.91,2026-05-18 13:54:52
safety_manager.py,safety_manager.py,.py,3.49,2026-05-19 17:04:58
secure_broker_architecture.py,secure_broker_architecture.py,.py,3.47,2026-05-23 03:23:59
bollinger_bands_strategy.py,strategies\bollinger_bands_strategy.py,.py,7.44,2026-05-18 13:40:46
breakout_strategy.py,strategies\breakout_strategy.py,.py,7.33,2026-05-18 13:42:45
momentum_strategy.py,strategies\momentum_strategy.py,.py,6.86,2026-05-18 13:41:44
moving_average_strategy.py,strategies\moving_average_strategy.py,.py,7.87,2026-05-18 15:18:11
rsi_strategy.py,strategies\rsi_strategy.py,.py,8.66,2026-05-18 15:18:12
system_health.py,system_health.py,.py,8.43,2026-05-27 02:50:14
test_broker_account_snapshot.py,test_broker_account_snapshot.py,.py,1.73,2026-05-24 20:56:49
test_broker_environment.py,test_broker_environment.py,.py,0.81,2026-05-22 17:24:49
test_broker_risk_manager.py,test_broker_risk_manager.py,.py,3.91,2026-05-19 16:10:07
test_daily_paper_report.py,test_daily_paper_report.py,.py,1.65,2026-05-21 14:50:12
test_deployment_health.py,test_deployment_health.py,.py,0.86,2026-05-23 02:07:30
test_duplicate_order_guard.py,test_duplicate_order_guard.py,.py,2.22,2026-05-24 02:56:33
test_environment_reset.py,test_environment_reset.py,.py,1.44,2026-05-22 17:43:04
test_error_notifier.py,test_error_notifier.py,.py,1.84,2026-05-26 03:51:35
test_failure_notification_dummy.py,test_failure_notification_dummy.py,.py,0.3,2026-05-27 02:44:59
test_fill_slippage_tracker.py,test_fill_slippage_tracker.py,.py,2.01,2026-05-25 15:35:43
test_ibkr_account_info.py,test_ibkr_account_info.py,.py,3.05,2026-05-19 02:57:09
test_ibkr_cancel_order.py,test_ibkr_cancel_order.py,.py,3.5,2026-05-19 15:29:38
test_ibkr_config.py,test_ibkr_config.py,.py,0.88,2026-05-18 18:57:39
test_ibkr_connection.py,test_ibkr_connection.py,.py,1.87,2026-05-18 19:07:05
test_ibkr_contract_builder.py,test_ibkr_contract_builder.py,.py,1.55,2026-05-19 13:11:20
test_ibkr_live_read_only.py,test_ibkr_live_read_only.py,.py,5.78,2026-05-22 17:09:47
test_ibkr_market_data.py,test_ibkr_market_data.py,.py,4.03,2026-05-19 03:14:42
test_ibkr_order_builder.py,test_ibkr_order_builder.py,.py,2.18,2026-05-19 13:36:01
test_ibkr_order_status.py,test_ibkr_order_status.py,.py,3.22,2026-05-19 15:01:38
test_ibkr_package.py,test_ibkr_package.py,.py,0.67,2026-05-18 18:40:08
test_ibkr_positions.py,test_ibkr_positions.py,.py,2.87,2026-05-19 03:08:17
test_ibkr_submit_paper_order.py,test_ibkr_submit_paper_order.py,.py,7.68,2026-05-19 16:51:24
test_live_mode_lock.py,test_live_mode_lock.py,.py,1.24,2026-05-21 16:54:48
test_live_order_dry_run.py,test_live_order_dry_run.py,.py,1.14,2026-05-22 16:40:51
test_live_readiness.py,test_live_readiness.py,.py,1.48,2026-05-21 15:30:26
test_live_signal.py,test_live_signal.py,.py,1.05,2026-05-20 01:38:30
test_live_warning.py,test_live_warning.py,.py,1.36,2026-05-21 17:09:59
test_market_hours.py,test_market_hours.py,.py,0.81,2026-05-24 22:03:34
test_order_proposal.py,test_order_proposal.py,.py,3.23,2026-05-20 02:04:16
test_order_state_manager.py,test_order_state_manager.py,.py,2.58,2026-05-24 02:38:18
test_paper_test_tracker.py,test_paper_test_tracker.py,.py,1.27,2026-05-21 14:16:11
test_position_aware_execution.py,test_position_aware_execution.py,.py,1.54,2026-05-24 18:59:07
test_price_validation.py,test_price_validation.py,.py,1.74,2026-05-25 13:22:35
test_risk_emergency_stop.py,test_risk_emergency_stop.py,.py,1.99,2026-05-19 17:09:38
test_runner.py,test_runner.py,.py,11.32,2026-05-27 02:45:20
test_runner_backup_error_notifications_20260527_024315.py,test_runner_backup_error_notifications_20260527_024315.py,.py,9.36,2026-05-27 02:43:15
test_runner_backup_error_notifications_20260527_024316.py,test_runner_backup_error_notifications_20260527_024316.py,.py,11.28,2026-05-27 02:43:16
test_safety_manager.py,test_safety_manager.py,.py,1.47,2026-05-19 17:05:37
test_secure_broker_architecture.py,test_secure_broker_architecture.py,.py,1.02,2026-05-23 03:24:45
test_snapshot_position_aware_execution.py,test_snapshot_position_aware_execution.py,.py,2.22,2026-05-24 21:24:37
test_system_health.py,test_system_health.py,.py,0.82,2026-05-22 20:32:42
test_test_failure_notifications.py,test_test_failure_notifications.py,.py,1.97,2026-05-27 02:44:07
test_test_runner.py,test_test_runner.py,.py,1.05,2026-05-27 02:24:30
test_trade_audit.py,test_trade_audit.py,.py,1.23,2026-05-19 16:48:14
test_trading_database.py,test_trading_database.py,.py,2.26,2026-05-23 03:38:57
test_weekly_paper_review.py,test_weekly_paper_review.py,.py,1.73,2026-05-21 15:10:08
trade_audit.py,trade_audit.py,.py,3.29,2026-05-19 16:47:31
trading_database.py,trading_database.py,.py,12.76,2026-05-27 02:27:26
view_trade_audit_log.py,view_trade_audit_log.py,.py,0.4,2026-05-19 16:52:33
walk_forward_test.py,walk_forward_test.py,.py,8.56,2026-05-18 15:18:13
quant_strategy_text_summary.txt,reports\quant_strategy_text_summary.txt,.txt,1.66,2026-05-18 15:17:32
requirements.txt,requirements.txt,.txt,0.09,2026-05-24 21:59:32
quant_strategy_research_report.xlsx,reports\quant_strategy_research_report.xlsx,.xlsx,9.38,2026-05-18 15:17:31
